--
-- PostgreSQL database dump
--

\restrict nhY1Z0QpeEG4g04sw7kB1d0tfYIuaeXHcrPUAmvHwwm36R6wiN2r0S90kt4vLva

-- Dumped from database version 18.3
-- Dumped by pg_dump version 18.3

SET statement_timeout = 0;
SET lock_timeout = 0;
SET idle_in_transaction_session_timeout = 0;
SET transaction_timeout = 0;
SET client_encoding = 'UTF8';
SET standard_conforming_strings = on;
SELECT pg_catalog.set_config('search_path', '', false);
SET check_function_bodies = false;
SET xmloption = content;
SET client_min_messages = warning;
SET row_security = off;

SET default_tablespace = '';

SET default_table_access_method = heap;

--
-- Name: domaine; Type: TABLE; Schema: public; Owner: postgres
--

CREATE TABLE public.domaine (
    id bigint NOT NULL,
    libelle character varying(100) NOT NULL
);


ALTER TABLE public.domaine OWNER TO postgres;

--
-- Name: domaine_id_seq; Type: SEQUENCE; Schema: public; Owner: postgres
--

ALTER TABLE public.domaine ALTER COLUMN id ADD GENERATED BY DEFAULT AS IDENTITY (
    SEQUENCE NAME public.domaine_id_seq
    START WITH 1
    INCREMENT BY 1
    NO MINVALUE
    NO MAXVALUE
    CACHE 1
);


--
-- Name: employeur; Type: TABLE; Schema: public; Owner: postgres
--

CREATE TABLE public.employeur (
    id bigint NOT NULL,
    nom_employeur character varying(150) NOT NULL
);


ALTER TABLE public.employeur OWNER TO postgres;

--
-- Name: employeur_id_seq; Type: SEQUENCE; Schema: public; Owner: postgres
--

ALTER TABLE public.employeur ALTER COLUMN id ADD GENERATED BY DEFAULT AS IDENTITY (
    SEQUENCE NAME public.employeur_id_seq
    START WITH 1
    INCREMENT BY 1
    NO MINVALUE
    NO MAXVALUE
    CACHE 1
);


--
-- Name: formateur; Type: TABLE; Schema: public; Owner: postgres
--

CREATE TABLE public.formateur (
    id bigint NOT NULL,
    email character varying(255),
    nom character varying(255) NOT NULL,
    prenom character varying(255) NOT NULL,
    tel character varying(255),
    type character varying(255) NOT NULL,
    id_employeur bigint
);


ALTER TABLE public.formateur OWNER TO postgres;

--
-- Name: formateur_id_seq; Type: SEQUENCE; Schema: public; Owner: postgres
--

ALTER TABLE public.formateur ALTER COLUMN id ADD GENERATED BY DEFAULT AS IDENTITY (
    SEQUENCE NAME public.formateur_id_seq
    START WITH 1
    INCREMENT BY 1
    NO MINVALUE
    NO MAXVALUE
    CACHE 1
);


--
-- Name: formation; Type: TABLE; Schema: public; Owner: postgres
--

CREATE TABLE public.formation (
    id bigint NOT NULL,
    annee integer NOT NULL,
    budget double precision,
    duree integer NOT NULL,
    titre character varying(200) NOT NULL,
    id_domaine bigint NOT NULL,
    id_formateur bigint,
    date_formation date,
    lieu character varying(255),
    CONSTRAINT formation_duree_check CHECK ((duree >= 1))
);


ALTER TABLE public.formation OWNER TO postgres;

--
-- Name: formation_id_seq; Type: SEQUENCE; Schema: public; Owner: postgres
--

ALTER TABLE public.formation ALTER COLUMN id ADD GENERATED BY DEFAULT AS IDENTITY (
    SEQUENCE NAME public.formation_id_seq
    START WITH 1
    INCREMENT BY 1
    NO MINVALUE
    NO MAXVALUE
    CACHE 1
);


--
-- Name: participant; Type: TABLE; Schema: public; Owner: postgres
--

CREATE TABLE public.participant (
    id bigint NOT NULL,
    email character varying(255),
    nom character varying(255) NOT NULL,
    prenom character varying(255) NOT NULL,
    tel bigint,
    id_profil bigint NOT NULL,
    id_structure bigint NOT NULL
);


ALTER TABLE public.participant OWNER TO postgres;

--
-- Name: participant_id_seq; Type: SEQUENCE; Schema: public; Owner: postgres
--

ALTER TABLE public.participant ALTER COLUMN id ADD GENERATED BY DEFAULT AS IDENTITY (
    SEQUENCE NAME public.participant_id_seq
    START WITH 1
    INCREMENT BY 1
    NO MINVALUE
    NO MAXVALUE
    CACHE 1
);


--
-- Name: participer; Type: TABLE; Schema: public; Owner: postgres
--

CREATE TABLE public.participer (
    id_participant bigint NOT NULL,
    id_formation bigint NOT NULL
);


ALTER TABLE public.participer OWNER TO postgres;

--
-- Name: profil; Type: TABLE; Schema: public; Owner: postgres
--

CREATE TABLE public.profil (
    id bigint NOT NULL,
    libelle character varying(100) NOT NULL
);


ALTER TABLE public.profil OWNER TO postgres;

--
-- Name: profil_id_seq; Type: SEQUENCE; Schema: public; Owner: postgres
--

ALTER TABLE public.profil ALTER COLUMN id ADD GENERATED BY DEFAULT AS IDENTITY (
    SEQUENCE NAME public.profil_id_seq
    START WITH 1
    INCREMENT BY 1
    NO MINVALUE
    NO MAXVALUE
    CACHE 1
);


--
-- Name: role; Type: TABLE; Schema: public; Owner: postgres
--

CREATE TABLE public.role (
    id bigint NOT NULL,
    nom character varying(255) NOT NULL
);


ALTER TABLE public.role OWNER TO postgres;

--
-- Name: role_id_seq; Type: SEQUENCE; Schema: public; Owner: postgres
--

ALTER TABLE public.role ALTER COLUMN id ADD GENERATED BY DEFAULT AS IDENTITY (
    SEQUENCE NAME public.role_id_seq
    START WITH 1
    INCREMENT BY 1
    NO MINVALUE
    NO MAXVALUE
    CACHE 1
);


--
-- Name: structure; Type: TABLE; Schema: public; Owner: postgres
--

CREATE TABLE public.structure (
    id bigint NOT NULL,
    libelle character varying(150) NOT NULL
);


ALTER TABLE public.structure OWNER TO postgres;

--
-- Name: structure_id_seq; Type: SEQUENCE; Schema: public; Owner: postgres
--

ALTER TABLE public.structure ALTER COLUMN id ADD GENERATED BY DEFAULT AS IDENTITY (
    SEQUENCE NAME public.structure_id_seq
    START WITH 1
    INCREMENT BY 1
    NO MINVALUE
    NO MAXVALUE
    CACHE 1
);


--
-- Name: utilisateur; Type: TABLE; Schema: public; Owner: postgres
--

CREATE TABLE public.utilisateur (
    id bigint NOT NULL,
    login character varying(100) NOT NULL,
    password character varying(255) NOT NULL,
    id_role bigint NOT NULL
);


ALTER TABLE public.utilisateur OWNER TO postgres;

--
-- Name: utilisateur_id_seq; Type: SEQUENCE; Schema: public; Owner: postgres
--

ALTER TABLE public.utilisateur ALTER COLUMN id ADD GENERATED BY DEFAULT AS IDENTITY (
    SEQUENCE NAME public.utilisateur_id_seq
    START WITH 1
    INCREMENT BY 1
    NO MINVALUE
    NO MAXVALUE
    CACHE 1
);


--
-- Data for Name: domaine; Type: TABLE DATA; Schema: public; Owner: postgres
--

COPY public.domaine (id, libelle) FROM stdin;
2	Gestion et Finance
3	Management
4	D‚veloppement Personnel
1	Informatique
5	math
\.


--
-- Data for Name: employeur; Type: TABLE DATA; Schema: public; Owner: postgres
--

COPY public.employeur (id, nom_employeur) FROM stdin;
1	Green Building
2	External Training Partner
3	Universit‚ de Tunis
\.


--
-- Data for Name: formateur; Type: TABLE DATA; Schema: public; Owner: postgres
--

COPY public.formateur (id, email, nom, prenom, tel, type, id_employeur) FROM stdin;
1	mohamed.benali@greenbuilding.tn	Ben Ali	Mohamed	22123456	INTERNE	1
2	amina.trabelsi@gmail.com	Trabelsi	Amina	98123456	EXTERNE	2
3	karim.kallel@greenbuilding.tn	Kallel	Karim	22111222	INTERNE	1
4	sonia.masmoudi@external.com	Masmoudi	Sonia	97123456	EXTERNE	2
5	houssem.jebali@universite.tn	Jebali	Houssem	23123456	EXTERNE	3
7	j.durant@expert.fr	Durant	Jean	003312233	EXTERNE	2
8	j.duradssadsant@expert.fr	ala	Jalaan	22222222	EXTERNE	2
9	alice.dupont@expert-it.fr	Dupont	Alice	00336112233	EXTERNE	2
\.


--
-- Data for Name: formation; Type: TABLE DATA; Schema: public; Owner: postgres
--

COPY public.formation (id, annee, budget, duree, titre, id_domaine, id_formateur, date_formation, lieu) FROM stdin;
2	2025	6200	3	Gestion FinanciŠre pour Managers	2	2	2025-07-15	Salle B2
3	2026	7800	4	Leadership et Management d'‚quipe	3	3	2026-03-20	Salle Conf‚rence
4	2026	9200	5	D‚veloppement Web avec React	1	4	2026-05-05	Salle A1
5	2025	12000	4	IA et Machine Learning	1	5	2025-09-15	Salle Innovation
7	2025	5500	3	Masterclass Docker & Kubernetes	1	3	2025-11-20	Centre de Calcul
1	2025	9000	6	Java Spring Boot Avancé (MODIFIÉ)	1	1	2025-06-10	Salle A1
\.


--
-- Data for Name: participant; Type: TABLE DATA; Schema: public; Owner: postgres
--

COPY public.participant (id, email, nom, prenom, tel, id_profil, id_structure) FROM stdin;
1	ahmed.smith@greenbuilding.tn	Smith	Ahmed	22123457	1	1
2	fatma.bensalah@greenbuilding.tn	Ben Salah	Fatma	98123457	2	2
3	ali.gharbi@greenbuilding.tn	Gharbi	Ali	22123458	3	1
4	leila.mansour@greenbuilding.tn	Mansour	Leila	98123458	1	3
5	omar.haddad@greenbuilding.tn	Haddad	Omar	22123459	4	2
6	sana.krimi@greenbuilding.tn	Krimi	Sana	98123459	2	1
7	nabil.bouaziz@greenbuilding.tn	Bouaziz	Nabil	22123460	3	3
8	rania.jallouli@greenbuilding.tn	Jallouli	Rania	98123460	1	2
10	yassine.k@greenbuilding.tn	Kassab	Yassine	21622334455	1	2
\.


--
-- Data for Name: participer; Type: TABLE DATA; Schema: public; Owner: postgres
--

COPY public.participer (id_participant, id_formation) FROM stdin;
2	1
6	1
2	4
6	4
4	3
4	5
8	3
8	1
1	1
1	4
1	7
3	2
3	7
5	3
5	5
5	7
7	2
7	5
7	1
\.


--
-- Data for Name: profil; Type: TABLE DATA; Schema: public; Owner: postgres
--

COPY public.profil (id, libelle) FROM stdin;
1	Informaticien (Bac+5)
2	Informaticien (Bac+3)
3	Gestionnaire
4	Technicien Sup‚rieur
\.


--
-- Data for Name: role; Type: TABLE DATA; Schema: public; Owner: postgres
--

COPY public.role (id, nom) FROM stdin;
1	SIMPLE_UTILISATEUR
2	RESPONSABLE
3	ADMINISTRATEUR
\.


--
-- Data for Name: structure; Type: TABLE DATA; Schema: public; Owner: postgres
--

COPY public.structure (id, libelle) FROM stdin;
1	Direction Centrale
2	Direction R‚gionale Tunis
3	Direction R‚gionale Sfax
\.


--
-- Data for Name: utilisateur; Type: TABLE DATA; Schema: public; Owner: postgres
--

COPY public.utilisateur (id, login, password, id_role) FROM stdin;
5	admin1	$2a$10$xJhh4dR4JnidhXvJqdVE2Ow8zmtdLQgbGfV3hzWQp0/yFhXwpyJEK	3
2	responsable	$2a$10$8KzQ8zqKzqKzqKzqKzqKzO8KzQ8zqKzqKzqKzqKzqKzqKzqKzqKzq	2
4	chef_formation	$2a$10$QYXwyiNtVnL8AdHml4PxE.XkHpQhWe0f5lc30e2vtGqVomYaSCpM6	2
1	test	$2a$10$8KzQ8zqKzqKzqKzqKzqKzO8KzQ8zqKzqKzqKzqKzqKzqKzqKzqKzq	1
\.


--
-- Name: domaine_id_seq; Type: SEQUENCE SET; Schema: public; Owner: postgres
--

SELECT pg_catalog.setval('public.domaine_id_seq', 6, true);


--
-- Name: employeur_id_seq; Type: SEQUENCE SET; Schema: public; Owner: postgres
--

SELECT pg_catalog.setval('public.employeur_id_seq', 4, true);


--
-- Name: formateur_id_seq; Type: SEQUENCE SET; Schema: public; Owner: postgres
--

SELECT pg_catalog.setval('public.formateur_id_seq', 9, true);


--
-- Name: formation_id_seq; Type: SEQUENCE SET; Schema: public; Owner: postgres
--

SELECT pg_catalog.setval('public.formation_id_seq', 7, true);


--
-- Name: participant_id_seq; Type: SEQUENCE SET; Schema: public; Owner: postgres
--

SELECT pg_catalog.setval('public.participant_id_seq', 10, true);


--
-- Name: profil_id_seq; Type: SEQUENCE SET; Schema: public; Owner: postgres
--

SELECT pg_catalog.setval('public.profil_id_seq', 5, true);


--
-- Name: role_id_seq; Type: SEQUENCE SET; Schema: public; Owner: postgres
--

SELECT pg_catalog.setval('public.role_id_seq', 4, true);


--
-- Name: structure_id_seq; Type: SEQUENCE SET; Schema: public; Owner: postgres
--

SELECT pg_catalog.setval('public.structure_id_seq', 4, true);


--
-- Name: utilisateur_id_seq; Type: SEQUENCE SET; Schema: public; Owner: postgres
--

SELECT pg_catalog.setval('public.utilisateur_id_seq', 5, true);


--
-- Name: domaine domaine_pkey; Type: CONSTRAINT; Schema: public; Owner: postgres
--

ALTER TABLE ONLY public.domaine
    ADD CONSTRAINT domaine_pkey PRIMARY KEY (id);


--
-- Name: employeur employeur_pkey; Type: CONSTRAINT; Schema: public; Owner: postgres
--

ALTER TABLE ONLY public.employeur
    ADD CONSTRAINT employeur_pkey PRIMARY KEY (id);


--
-- Name: formateur formateur_pkey; Type: CONSTRAINT; Schema: public; Owner: postgres
--

ALTER TABLE ONLY public.formateur
    ADD CONSTRAINT formateur_pkey PRIMARY KEY (id);


--
-- Name: formation formation_pkey; Type: CONSTRAINT; Schema: public; Owner: postgres
--

ALTER TABLE ONLY public.formation
    ADD CONSTRAINT formation_pkey PRIMARY KEY (id);


--
-- Name: participant participant_pkey; Type: CONSTRAINT; Schema: public; Owner: postgres
--

ALTER TABLE ONLY public.participant
    ADD CONSTRAINT participant_pkey PRIMARY KEY (id);


--
-- Name: profil profil_pkey; Type: CONSTRAINT; Schema: public; Owner: postgres
--

ALTER TABLE ONLY public.profil
    ADD CONSTRAINT profil_pkey PRIMARY KEY (id);


--
-- Name: role role_pkey; Type: CONSTRAINT; Schema: public; Owner: postgres
--

ALTER TABLE ONLY public.role
    ADD CONSTRAINT role_pkey PRIMARY KEY (id);


--
-- Name: structure structure_pkey; Type: CONSTRAINT; Schema: public; Owner: postgres
--

ALTER TABLE ONLY public.structure
    ADD CONSTRAINT structure_pkey PRIMARY KEY (id);


--
-- Name: utilisateur uk18vwp4resqussqmlpqnymfqxk; Type: CONSTRAINT; Schema: public; Owner: postgres
--

ALTER TABLE ONLY public.utilisateur
    ADD CONSTRAINT uk18vwp4resqussqmlpqnymfqxk UNIQUE (login);


--
-- Name: utilisateur utilisateur_pkey; Type: CONSTRAINT; Schema: public; Owner: postgres
--

ALTER TABLE ONLY public.utilisateur
    ADD CONSTRAINT utilisateur_pkey PRIMARY KEY (id);


--
-- Name: participer fk4xq72nsu36qaxymn5qxoa14ua; Type: FK CONSTRAINT; Schema: public; Owner: postgres
--

ALTER TABLE ONLY public.participer
    ADD CONSTRAINT fk4xq72nsu36qaxymn5qxoa14ua FOREIGN KEY (id_participant) REFERENCES public.participant(id);


--
-- Name: participant fk7y6wf1w5dc44v27a7eaqlk7op; Type: FK CONSTRAINT; Schema: public; Owner: postgres
--

ALTER TABLE ONLY public.participant
    ADD CONSTRAINT fk7y6wf1w5dc44v27a7eaqlk7op FOREIGN KEY (id_structure) REFERENCES public.structure(id);


--
-- Name: formation fk89ljiy1ydexw2yuq24p3ys296; Type: FK CONSTRAINT; Schema: public; Owner: postgres
--

ALTER TABLE ONLY public.formation
    ADD CONSTRAINT fk89ljiy1ydexw2yuq24p3ys296 FOREIGN KEY (id_domaine) REFERENCES public.domaine(id);


--
-- Name: participant fkl7knqv70tdk37gtropkq3bskc; Type: FK CONSTRAINT; Schema: public; Owner: postgres
--

ALTER TABLE ONLY public.participant
    ADD CONSTRAINT fkl7knqv70tdk37gtropkq3bskc FOREIGN KEY (id_profil) REFERENCES public.profil(id);


--
-- Name: formateur fknkp02udim1vnoa2g153os9080; Type: FK CONSTRAINT; Schema: public; Owner: postgres
--

ALTER TABLE ONLY public.formateur
    ADD CONSTRAINT fknkp02udim1vnoa2g153os9080 FOREIGN KEY (id_employeur) REFERENCES public.employeur(id);


--
-- Name: formation fkqxa1xjs2kv0erd81hd5evxhn; Type: FK CONSTRAINT; Schema: public; Owner: postgres
--

ALTER TABLE ONLY public.formation
    ADD CONSTRAINT fkqxa1xjs2kv0erd81hd5evxhn FOREIGN KEY (id_formateur) REFERENCES public.formateur(id);


--
-- Name: utilisateur fkr6x7g9mw0va8oe9drohepvywu; Type: FK CONSTRAINT; Schema: public; Owner: postgres
--

ALTER TABLE ONLY public.utilisateur
    ADD CONSTRAINT fkr6x7g9mw0va8oe9drohepvywu FOREIGN KEY (id_role) REFERENCES public.role(id);


--
-- Name: participer fkru0svxmr7tebao9ynrwbd3fpq; Type: FK CONSTRAINT; Schema: public; Owner: postgres
--

ALTER TABLE ONLY public.participer
    ADD CONSTRAINT fkru0svxmr7tebao9ynrwbd3fpq FOREIGN KEY (id_formation) REFERENCES public.formation(id);


--
-- PostgreSQL database dump complete
--

\unrestrict nhY1Z0QpeEG4g04sw7kB1d0tfYIuaeXHcrPUAmvHwwm36R6wiN2r0S90kt4vLva

